{"cameraMode":{"drawMode":0,"name":"Shaded","section":"Shading Mode"},"sceneLighting":true,"audioPlay":false,"sceneViewState":{"m_AlwaysRefresh":false,"showFog":true,"showSkybox":true,"showFlares":true,"showImageEffects":true,"showParticleSystems":true,"showVisualEffectGraphs":true,"m_FxEnabled":true},"in2DMode":false,"pivot":{"x":-0.9662409424781799,"y":7.175173759460449,"z":-12.991456031799317},"rotation":{"x":0.3757070004940033,"y":0.08047421276569367,"z":-0.03276923671364784,"w":0.9226558804512024},"size":2.1062753200531008,"orthographic":false}