{"cameraMode":{"drawMode":0,"name":"Shaded","section":"Shading Mode"},"sceneLighting":true,"audioPlay":false,"sceneViewState":{"m_AlwaysRefresh":false,"showFog":true,"showSkybox":true,"showFlares":true,"showImageEffects":true,"showParticleSystems":true,"showVisualEffectGraphs":true,"m_FxEnabled":true},"in2DMode":false,"pivot":{"x":0.7799365520477295,"y":-1.7983450889587403,"z":3.0038633346557619},"rotation":{"x":-0.33943238854408266,"y":-0.22595228254795075,"z":0.08436212688684464,"w":-0.9091946482658386},"size":4.336061000823975,"orthographic":false}